source,reason,key
DRP,branch unmapped: 52 (padded=052),09.L1.1590.CA10GK15901|52
DRP,branch unmapped: 52 (padded=052),09.L1.1590.CA10GK15901|52
DRP,branch unmapped: 52 (padded=052),09.L1.1590.CA10GK15901|52
DRP,branch unmapped: 52 (padded=052),09.L1.1590.CA10GK15901|52
DRP,branch unmapped: 52 (padded=052),09.L1.1590.CA10GK15903|52
DRP,branch unmapped: 52 (padded=052),09.L1.1590.CA10GK15903|52
DRP,branch unmapped: 52 (padded=052),09.L1.1590.CA10GK15903|52
DRP,branch unmapped: 52 (padded=052),09.L1.1590.CA10GK15903|52
DRP,branch unmapped: 52 (padded=052),15.L1.6060.6601|52
DRP,branch unmapped: 52 (padded=052),15.L1.6060.6601|52
DRP,branch unmapped: 52 (padded=052),15.L1.6060.6601|52
DRP,branch unmapped: 52 (padded=052),15.L1.6060.6601|52
DRP,branch unmapped: 52 (padded=052),15.L1.6060.6604|52
DRP,branch unmapped: 52 (padded=052),15.L1.6060.6604|52
DRP,branch unmapped: 52 (padded=052),15.L1.6060.6604|52
DRP,branch unmapped: 52 (padded=052),15.L1.6060.6604|52
DRP,branch unmapped: 52 (padded=052),15.L1.6060.6605|52
DRP,branch unmapped: 52 (padded=052),15.L1.6060.6605|52
DRP,branch unmapped: 52 (padded=052),15.L1.6060.6605|52
DRP,branch unmapped: 52 (padded=052),15.L1.6060.6605|52
DRP,branch unmapped: 52 (padded=052),20.L1.6060.16405|52
DRP,branch unmapped: 52 (padded=052),20.L1.6060.16405|52
DRP,branch unmapped: 52 (padded=052),20.L1.6060.16405|52
DRP,branch unmapped: 52 (padded=052),20.L1.6060.16405|52
DRP,branch unmapped: 52 (padded=052),20.L1.6060.86301|52
DRP,branch unmapped: 52 (padded=052),20.L1.6060.86301|52
DRP,branch unmapped: 52 (padded=052),20.L1.6060.86301|52
DRP,branch unmapped: 52 (padded=052),20.L1.6060.86301|52
DRP,branch unmapped: 52 (padded=052),29.L1.3030.FK304|52
DRP,branch unmapped: 52 (padded=052),29.L1.3030.FK304|52
DRP,branch unmapped: 52 (padded=052),29.L1.3030.FK304|52
DRP,branch unmapped: 52 (padded=052),29.L1.3030.FK304|52
DRP,branch unmapped: 52 (padded=052),29.L1.3060.FC3606D|52
DRP,branch unmapped: 52 (padded=052),29.L1.3060.FC3606D|52
DRP,branch unmapped: 52 (padded=052),29.L1.3060.FC3606D|52
DRP,branch unmapped: 52 (padded=052),29.L1.3060.FC3606D|52
DRP,branch unmapped: 52 (padded=052),29.L1.3060.FC3618|52
DRP,branch unmapped: 52 (padded=052),29.L1.3060.FC3618|52
DRP,branch unmapped: 52 (padded=052),29.L1.3060.FC3618|52
DRP,branch unmapped: 52 (padded=052),29.L1.3060.FC3618|52
DRP,branch unmapped: 52 (padded=052),29.L1.3060.FC3618D|52
DRP,branch unmapped: 52 (padded=052),29.L1.3060.FC3618D|52
DRP,branch unmapped: 52 (padded=052),29.L1.3060.FC3618D|52
DRP,branch unmapped: 52 (padded=052),29.L1.3060.FC3618D|52
DRP,branch unmapped: 52 (padded=052),29.L1.3060.FC3622|52
DRP,branch unmapped: 52 (padded=052),29.L1.3060.FC3622|52
DRP,branch unmapped: 52 (padded=052),29.L1.3060.FC3622|52
DRP,branch unmapped: 52 (padded=052),29.L1.3060.FC3622|52
DRP,branch unmapped: 52 (padded=052),29.L1.3060.FC3622D|52
DRP,branch unmapped: 52 (padded=052),29.L1.3060.FC3622D|52
DRP,branch unmapped: 52 (padded=052),29.L1.3060.FC3622D|52
DRP,branch unmapped: 52 (padded=052),29.L1.3060.FC3622D|52
DRP,branch unmapped: 52 (padded=052),29.L1.3060.FC3622V|52
DRP,branch unmapped: 52 (padded=052),29.L1.3060.FC3622V|52
DRP,branch unmapped: 52 (padded=052),29.L1.3060.FC3622V|52
DRP,branch unmapped: 52 (padded=052),29.L1.3060.FC3622V|52
DRP,branch unmapped: 52 (padded=052),29.L1.3060.FC3623|52
DRP,branch unmapped: 52 (padded=052),29.L1.3060.FC3623|52
DRP,branch unmapped: 52 (padded=052),29.L1.3060.FC3623|52
DRP,branch unmapped: 52 (padded=052),29.L1.3060.FC3623|52
DRP,branch unmapped: 52 (padded=052),29.L1.3060.FC3623D|52
DRP,branch unmapped: 52 (padded=052),29.L1.3060.FC3623D|52
DRP,branch unmapped: 52 (padded=052),29.L1.3060.FC3623D|52
DRP,branch unmapped: 52 (padded=052),29.L1.3060.FC3623D|52
DRP,branch unmapped: 52 (padded=052),29.L1.3060.FC3623V|52
DRP,branch unmapped: 52 (padded=052),29.L1.3060.FC3623V|52
DRP,branch unmapped: 52 (padded=052),29.L1.3060.FC3623V|52
DRP,branch unmapped: 52 (padded=052),29.L1.3060.FC3623V|52
DRP,branch unmapped: 52 (padded=052),29.L1.3060.FC3626|52
DRP,branch unmapped: 52 (padded=052),29.L1.3060.FC3626|52
DRP,branch unmapped: 52 (padded=052),29.L1.3060.FC3626|52
DRP,branch unmapped: 52 (padded=052),29.L1.3060.FC3626|52
DRP,branch unmapped: 53 (padded=053),09.L1.1590.CA10GK15903|53
DRP,branch unmapped: 53 (padded=053),09.L1.1590.CA10GK15903|53
DRP,branch unmapped: 53 (padded=053),09.L1.1590.CA10GK15903|53
DRP,branch unmapped: 53 (padded=053),09.L1.1590.CA10GK15903|53
DRP,branch unmapped: 53 (padded=053),14.L1.8080.88284041|53
DRP,branch unmapped: 53 (padded=053),14.L1.8080.88284041|53
DRP,branch unmapped: 53 (padded=053),14.L1.8080.88284041|53
DRP,branch unmapped: 53 (padded=053),14.L1.8080.88284041|53
DRP,branch unmapped: 53 (padded=053),15.L1.3060.2912|53
DRP,branch unmapped: 53 (padded=053),15.L1.3060.2912|53
DRP,branch unmapped: 53 (padded=053),15.L1.3060.2912|53
DRP,branch unmapped: 53 (padded=053),15.L1.3060.2912|53
DRP,branch unmapped: 53 (padded=053),15.L1.6060.6604|53
DRP,branch unmapped: 53 (padded=053),15.L1.6060.6604|53
DRP,branch unmapped: 53 (padded=053),15.L1.6060.6604|53
DRP,branch unmapped: 53 (padded=053),15.L1.6060.6604|53
DRP,branch unmapped: 53 (padded=053),15.L1.6060.6605|53
DRP,branch unmapped: 53 (padded=053),15.L1.6060.6605|53
DRP,branch unmapped: 53 (padded=053),15.L1.6060.6605|53
DRP,branch unmapped: 53 (padded=053),15.L1.6060.6605|53
DRP,branch unmapped: 53 (padded=053),29.L1.3030.FK303|53
DRP,branch unmapped: 53 (padded=053),29.L1.3030.FK303|53
DRP,branch unmapped: 53 (padded=053),29.L1.3030.FK303|53
DRP,branch unmapped: 53 (padded=053),29.L1.3030.FK303|53
DRP,branch unmapped: 53 (padded=053),29.L1.3060.FC3604|53
DRP,branch unmapped: 53 (padded=053),29.L1.3060.FC3604|53
DRP,branch unmapped: 53 (padded=053),29.L1.3060.FC3604|53
DRP,branch unmapped: 53 (padded=053),29.L1.3060.FC3604|53
DRP,branch unmapped: 53 (padded=053),29.L1.3060.FC3610D|53
DRP,branch unmapped: 53 (padded=053),29.L1.3060.FC3610D|53
DRP,branch unmapped: 53 (padded=053),29.L1.3060.FC3610D|53
DRP,branch unmapped: 53 (padded=053),29.L1.3060.FC3610D|53
DRP,branch unmapped: 53 (padded=053),29.L1.3060.FC3618D|53
DRP,branch unmapped: 53 (padded=053),29.L1.3060.FC3618D|53
DRP,branch unmapped: 53 (padded=053),29.L1.3060.FC3618D|53
DRP,branch unmapped: 53 (padded=053),29.L1.3060.FC3618D|53
DRP,branch unmapped: 53 (padded=053),29.L1.3060.FC3622|53
DRP,branch unmapped: 53 (padded=053),29.L1.3060.FC3622|53
DRP,branch unmapped: 53 (padded=053),29.L1.3060.FC3622|53
DRP,branch unmapped: 53 (padded=053),29.L1.3060.FC3622|53
DRP,branch unmapped: 53 (padded=053),29.L1.3060.FC3622V|53
DRP,branch unmapped: 53 (padded=053),29.L1.3060.FC3622V|53
DRP,branch unmapped: 53 (padded=053),29.L1.3060.FC3622V|53
DRP,branch unmapped: 53 (padded=053),29.L1.3060.FC3622V|53
DRP,branch unmapped: 53 (padded=053),29.L1.3060.FC3623|53
DRP,branch unmapped: 53 (padded=053),29.L1.3060.FC3623|53
DRP,branch unmapped: 53 (padded=053),29.L1.3060.FC3623|53
DRP,branch unmapped: 53 (padded=053),29.L1.3060.FC3623|53
DRP,branch unmapped: 53 (padded=053),29.L1.3060.FC3623D|53
DRP,branch unmapped: 53 (padded=053),29.L1.3060.FC3623D|53
DRP,branch unmapped: 53 (padded=053),29.L1.3060.FC3623D|53
DRP,branch unmapped: 53 (padded=053),29.L1.3060.FC3623D|53
DRP,branch unmapped: 53 (padded=053),29.L1.3060.FC3623V|53
DRP,branch unmapped: 53 (padded=053),29.L1.3060.FC3623V|53
DRP,branch unmapped: 53 (padded=053),29.L1.3060.FC3623V|53
DRP,branch unmapped: 53 (padded=053),29.L1.3060.FC3623V|53
DRP,branch unmapped: 53 (padded=053),29.L1.3060.FC3626|53
DRP,branch unmapped: 53 (padded=053),29.L1.3060.FC3626|53
DRP,branch unmapped: 53 (padded=053),29.L1.3060.FC3626|53
DRP,branch unmapped: 53 (padded=053),29.L1.3060.FC3626|53
DRP,branch unmapped: 53 (padded=053),29.L1.3060.FC3626V|53
DRP,branch unmapped: 53 (padded=053),29.L1.3060.FC3626V|53
DRP,branch unmapped: 53 (padded=053),29.L1.3060.FC3626V|53
DRP,branch unmapped: 53 (padded=053),29.L1.3060.FC3626V|53
DRP,branch unmapped: 55 (padded=055),20.L1.6060.16004|55
DRP,branch unmapped: 55 (padded=055),20.L1.6060.16004|55
DRP,branch unmapped: 55 (padded=055),20.L1.6060.16004|55
DRP,branch unmapped: 55 (padded=055),20.L1.6060.16004|55
DRP,branch unmapped: 55 (padded=055),20.L1.6060.16105|55
DRP,branch unmapped: 55 (padded=055),20.L1.6060.16105|55
DRP,branch unmapped: 55 (padded=055),20.L1.6060.16105|55
DRP,branch unmapped: 55 (padded=055),20.L1.6060.16105|55
DRP,branch unmapped: 55 (padded=055),20.L1.6060.16117|55
DRP,branch unmapped: 55 (padded=055),20.L1.6060.16117|55
DRP,branch unmapped: 55 (padded=055),20.L1.6060.16117|55
DRP,branch unmapped: 55 (padded=055),20.L1.6060.16117|55
DRP,branch unmapped: 55 (padded=055),29.L1.3060.FC3604|55
DRP,branch unmapped: 55 (padded=055),29.L1.3060.FC3604|55
DRP,branch unmapped: 55 (padded=055),29.L1.3060.FC3604|55
DRP,branch unmapped: 55 (padded=055),29.L1.3060.FC3604|55
DRP,branch unmapped: 55 (padded=055),29.L1.3060.FC3604D|55
DRP,branch unmapped: 55 (padded=055),29.L1.3060.FC3604D|55
DRP,branch unmapped: 55 (padded=055),29.L1.3060.FC3604D|55
DRP,branch unmapped: 55 (padded=055),29.L1.3060.FC3604D|55
DRP,branch unmapped: 55 (padded=055),29.L1.3060.FC3605|55
DRP,branch unmapped: 55 (padded=055),29.L1.3060.FC3605|55
DRP,branch unmapped: 55 (padded=055),29.L1.3060.FC3605|55
DRP,branch unmapped: 55 (padded=055),29.L1.3060.FC3605|55
DRP,branch unmapped: 55 (padded=055),29.L1.3060.FC3610|55
DRP,branch unmapped: 55 (padded=055),29.L1.3060.FC3610|55
DRP,branch unmapped: 55 (padded=055),29.L1.3060.FC3610|55
DRP,branch unmapped: 55 (padded=055),29.L1.3060.FC3610|55
DRP,branch unmapped: 55 (padded=055),29.L1.3060.FC3610V|55
DRP,branch unmapped: 55 (padded=055),29.L1.3060.FC3610V|55
DRP,branch unmapped: 55 (padded=055),29.L1.3060.FC3610V|55
DRP,branch unmapped: 55 (padded=055),29.L1.3060.FC3610V|55
DRP,branch unmapped: 56 (padded=056),09.L1.1590.CA10GK15901|56
DRP,branch unmapped: 56 (padded=056),09.L1.1590.CA10GK15901|56
DRP,branch unmapped: 56 (padded=056),09.L1.1590.CA10GK15901|56
DRP,branch unmapped: 56 (padded=056),09.L1.1590.CA10GK15901|56
DRP,branch unmapped: 56 (padded=056),15.L1.3060.2912|56
DRP,branch unmapped: 56 (padded=056),15.L1.3060.2912|56
DRP,branch unmapped: 56 (padded=056),15.L1.3060.2912|56
DRP,branch unmapped: 56 (padded=056),15.L1.3060.2912|56
DRP,branch unmapped: 56 (padded=056),20.L1.6060.16105|56
DRP,branch unmapped: 56 (padded=056),20.L1.6060.16105|56
DRP,branch unmapped: 56 (padded=056),20.L1.6060.16105|56
DRP,branch unmapped: 56 (padded=056),20.L1.6060.16105|56
DRP,branch unmapped: 56 (padded=056),20.L1.6060.16117|56
DRP,branch unmapped: 56 (padded=056),20.L1.6060.16117|56
DRP,branch unmapped: 56 (padded=056),20.L1.6060.16117|56
DRP,branch unmapped: 56 (padded=056),20.L1.6060.16117|56
DRP,branch unmapped: 56 (padded=056),29.L1.3030.F315|56
DRP,branch unmapped: 56 (padded=056),29.L1.3030.F315|56
DRP,branch unmapped: 56 (padded=056),29.L1.3030.F315|56
DRP,branch unmapped: 56 (padded=056),29.L1.3030.F315|56
DRP,branch unmapped: 56 (padded=056),29.L1.3030.FK303|56
DRP,branch unmapped: 56 (padded=056),29.L1.3030.FK303|56
DRP,branch unmapped: 56 (padded=056),29.L1.3030.FK303|56
DRP,branch unmapped: 56 (padded=056),29.L1.3030.FK303|56
DRP,branch unmapped: 56 (padded=056),29.L1.3030.FK304|56
DRP,branch unmapped: 56 (padded=056),29.L1.3030.FK304|56
DRP,branch unmapped: 56 (padded=056),29.L1.3030.FK304|56
DRP,branch unmapped: 56 (padded=056),29.L1.3030.FK304|56
DRP,branch unmapped: 56 (padded=056),29.L1.3030.FK305|56
DRP,branch unmapped: 56 (padded=056),29.L1.3030.FK305|56
DRP,branch unmapped: 56 (padded=056),29.L1.3030.FK305|56
DRP,branch unmapped: 56 (padded=056),29.L1.3030.FK305|56
DRP,branch unmapped: 56 (padded=056),29.L1.3060.FC3604|56
DRP,branch unmapped: 56 (padded=056),29.L1.3060.FC3604|56
DRP,branch unmapped: 56 (padded=056),29.L1.3060.FC3604|56
DRP,branch unmapped: 56 (padded=056),29.L1.3060.FC3604|56
DRP,branch unmapped: 56 (padded=056),29.L1.3060.FC3606D|56
DRP,branch unmapped: 56 (padded=056),29.L1.3060.FC3606D|56
DRP,branch unmapped: 56 (padded=056),29.L1.3060.FC3606D|56
DRP,branch unmapped: 56 (padded=056),29.L1.3060.FC3606D|56
DRP,branch unmapped: 56 (padded=056),29.L1.3060.FC3610D|56
DRP,branch unmapped: 56 (padded=056),29.L1.3060.FC3610D|56
DRP,branch unmapped: 56 (padded=056),29.L1.3060.FC3610D|56
DRP,branch unmapped: 56 (padded=056),29.L1.3060.FC3610D|56
DRP,branch unmapped: 56 (padded=056),29.L1.3060.FC3618|56
DRP,branch unmapped: 56 (padded=056),29.L1.3060.FC3618|56
DRP,branch unmapped: 56 (padded=056),29.L1.3060.FC3618|56
DRP,branch unmapped: 56 (padded=056),29.L1.3060.FC3618|56
DRP,branch unmapped: 56 (padded=056),29.L1.3060.FC3618D|56
DRP,branch unmapped: 56 (padded=056),29.L1.3060.FC3618D|56
DRP,branch unmapped: 56 (padded=056),29.L1.3060.FC3618D|56
DRP,branch unmapped: 56 (padded=056),29.L1.3060.FC3618D|56
DRP,branch unmapped: 56 (padded=056),29.L1.3060.FC3619|56
DRP,branch unmapped: 56 (padded=056),29.L1.3060.FC3619|56
DRP,branch unmapped: 56 (padded=056),29.L1.3060.FC3619|56
DRP,branch unmapped: 56 (padded=056),29.L1.3060.FC3619|56
DRP,branch unmapped: 56 (padded=056),29.L1.3060.FC3622|56
DRP,branch unmapped: 56 (padded=056),29.L1.3060.FC3622|56
DRP,branch unmapped: 56 (padded=056),29.L1.3060.FC3622|56
DRP,branch unmapped: 56 (padded=056),29.L1.3060.FC3622|56
DRP,branch unmapped: 56 (padded=056),29.L1.3060.FC3622D|56
DRP,branch unmapped: 56 (padded=056),29.L1.3060.FC3622D|56
DRP,branch unmapped: 56 (padded=056),29.L1.3060.FC3622D|56
DRP,branch unmapped: 56 (padded=056),29.L1.3060.FC3622D|56
DRP,branch unmapped: 56 (padded=056),29.L1.3060.FC3622V|56
DRP,branch unmapped: 56 (padded=056),29.L1.3060.FC3622V|56
DRP,branch unmapped: 56 (padded=056),29.L1.3060.FC3622V|56
DRP,branch unmapped: 56 (padded=056),29.L1.3060.FC3622V|56
DRP,branch unmapped: 56 (padded=056),29.L1.3060.FP3616|56
DRP,branch unmapped: 56 (padded=056),29.L1.3060.FP3616|56
DRP,branch unmapped: 56 (padded=056),29.L1.3060.FP3616|56
DRP,branch unmapped: 56 (padded=056),29.L1.3060.FP3616|56
DRP,branch unmapped: 56 (padded=056),29.L1.3060.FP3617|56
DRP,branch unmapped: 56 (padded=056),29.L1.3060.FP3617|56
DRP,branch unmapped: 56 (padded=056),29.L1.3060.FP3617|56
DRP,branch unmapped: 56 (padded=056),29.L1.3060.FP3617|56
DRP,branch unmapped: 57 (padded=057),10.L1.3060.5029|57
DRP,branch unmapped: 57 (padded=057),10.L1.3060.5029|57
DRP,branch unmapped: 57 (padded=057),10.L1.3060.5029|57
DRP,branch unmapped: 57 (padded=057),10.L1.3060.5029|57
DRP,branch unmapped: 57 (padded=057),10.L1.3060.5067|57
DRP,branch unmapped: 57 (padded=057),10.L1.3060.5067|57
DRP,branch unmapped: 57 (padded=057),10.L1.3060.5067|57
DRP,branch unmapped: 57 (padded=057),10.L1.3060.5067|57
DRP,branch unmapped: 57 (padded=057),10.L1.3060.5069|57
DRP,branch unmapped: 57 (padded=057),10.L1.3060.5069|57
DRP,branch unmapped: 57 (padded=057),10.L1.3060.5069|57
DRP,branch unmapped: 57 (padded=057),10.L1.3060.5069|57
DRP,branch unmapped: 57 (padded=057),10.L1.8080.5879|57
DRP,branch unmapped: 57 (padded=057),10.L1.8080.5879|57
DRP,branch unmapped: 57 (padded=057),10.L1.8080.5879|57
DRP,branch unmapped: 57 (padded=057),10.L1.8080.5879|57
DRP,branch unmapped: 57 (padded=057),10.L1.8080.5894|57
DRP,branch unmapped: 57 (padded=057),10.L1.8080.5894|57
DRP,branch unmapped: 57 (padded=057),10.L1.8080.5894|57
DRP,branch unmapped: 57 (padded=057),10.L1.8080.5894|57
DRP,branch unmapped: 57 (padded=057),12.L1.3030.3022|57
DRP,branch unmapped: 57 (padded=057),12.L1.3030.3022|57
DRP,branch unmapped: 57 (padded=057),12.L1.3030.3022|57
DRP,branch unmapped: 57 (padded=057),12.L1.3030.3022|57
DRP,branch unmapped: 57 (padded=057),12.L1.3030.3026|57
DRP,branch unmapped: 57 (padded=057),12.L1.3030.3026|57
DRP,branch unmapped: 57 (padded=057),12.L1.3030.3026|57
DRP,branch unmapped: 57 (padded=057),12.L1.3030.3026|57
DRP,branch unmapped: 57 (padded=057),14.L1.3060.A36320|57
DRP,branch unmapped: 57 (padded=057),14.L1.3060.A36320|57
DRP,branch unmapped: 57 (padded=057),14.L1.3060.A36320|57
DRP,branch unmapped: 57 (padded=057),14.L1.3060.A36320|57
DRP,branch unmapped: 57 (padded=057),14.L1.3060.A36320D|57
DRP,branch unmapped: 57 (padded=057),14.L1.3060.A36320D|57
DRP,branch unmapped: 57 (padded=057),14.L1.3060.A36320D|57
DRP,branch unmapped: 57 (padded=057),14.L1.3060.A36320D|57
DRP,branch unmapped: 57 (padded=057),14.L1.3060.A36420|57
DRP,branch unmapped: 57 (padded=057),14.L1.3060.A36420|57
DRP,branch unmapped: 57 (padded=057),14.L1.3060.A36420|57
DRP,branch unmapped: 57 (padded=057),14.L1.3060.A36420|57
DRP,branch unmapped: 57 (padded=057),14.L1.6060.66282018|57
DRP,branch unmapped: 57 (padded=057),14.L1.6060.66282018|57
DRP,branch unmapped: 57 (padded=057),14.L1.6060.66282018|57
DRP,branch unmapped: 57 (padded=057),14.L1.6060.66282018|57
DRP,branch unmapped: 57 (padded=057),15.L1.3060.2911|57
DRP,branch unmapped: 57 (padded=057),15.L1.3060.2911|57
DRP,branch unmapped: 57 (padded=057),15.L1.3060.2911|57
DRP,branch unmapped: 57 (padded=057),15.L1.3060.2911|57
DRP,branch unmapped: 57 (padded=057),15.L1.3060.2913|57
DRP,branch unmapped: 57 (padded=057),15.L1.3060.2913|57
DRP,branch unmapped: 57 (padded=057),15.L1.3060.2913|57
DRP,branch unmapped: 57 (padded=057),15.L1.3060.2913|57
DRP,branch unmapped: 57 (padded=057),20.L1.6060.16114|57
DRP,branch unmapped: 57 (padded=057),20.L1.6060.16114|57
DRP,branch unmapped: 57 (padded=057),20.L1.6060.16114|57
DRP,branch unmapped: 57 (padded=057),20.L1.6060.16114|57
DRP,branch unmapped: 57 (padded=057),20.L1.6060.16405|57
DRP,branch unmapped: 57 (padded=057),20.L1.6060.16405|57
DRP,branch unmapped: 57 (padded=057),20.L1.6060.16405|57
DRP,branch unmapped: 57 (padded=057),20.L1.6060.16405|57
DRP,branch unmapped: 57 (padded=057),29.L1.1580.FP15805|57
DRP,branch unmapped: 57 (padded=057),29.L1.1580.FP15805|57
DRP,branch unmapped: 57 (padded=057),29.L1.1580.FP15805|57
DRP,branch unmapped: 57 (padded=057),29.L1.1580.FP15805|57
DRP,branch unmapped: 57 (padded=057),29.L1.1580.FP15807|57
DRP,branch unmapped: 57 (padded=057),29.L1.1580.FP15807|57
DRP,branch unmapped: 57 (padded=057),29.L1.1580.FP15807|57
DRP,branch unmapped: 57 (padded=057),29.L1.1580.FP15807|57
DRP,branch unmapped: 57 (padded=057),29.L1.3030.F315|57
DRP,branch unmapped: 57 (padded=057),29.L1.3030.F315|57
DRP,branch unmapped: 57 (padded=057),29.L1.3030.F315|57
DRP,branch unmapped: 57 (padded=057),29.L1.3030.F315|57
DRP,branch unmapped: 57 (padded=057),29.L1.3030.FK302|57
DRP,branch unmapped: 57 (padded=057),29.L1.3030.FK302|57
DRP,branch unmapped: 57 (padded=057),29.L1.3030.FK302|57
DRP,branch unmapped: 57 (padded=057),29.L1.3030.FK302|57
DRP,branch unmapped: 58 (padded=058),03.L1.6060.8000|58
DRP,branch unmapped: 58 (padded=058),03.L1.6060.8000|58
DRP,branch unmapped: 58 (padded=058),03.L1.6060.8000|58
DRP,branch unmapped: 58 (padded=058),03.L1.6060.8000|58
DRP,branch unmapped: 58 (padded=058),09.L1.1590.CA10GK15904|58
DRP,branch unmapped: 58 (padded=058),09.L1.1590.CA10GK15904|58
DRP,branch unmapped: 58 (padded=058),09.L1.1590.CA10GK15904|58
DRP,branch unmapped: 58 (padded=058),09.L1.1590.CA10GK15904|58
DRP,branch unmapped: 58 (padded=058),09.L1.1590.CA10GK15905|58
DRP,branch unmapped: 58 (padded=058),09.L1.1590.CA10GK15905|58
DRP,branch unmapped: 58 (padded=058),09.L1.1590.CA10GK15905|58
DRP,branch unmapped: 58 (padded=058),09.L1.1590.CA10GK15905|58
DRP,branch unmapped: 58 (padded=058),09.L1.3060.CAGM36D1|58
DRP,branch unmapped: 58 (padded=058),09.L1.3060.CAGM36D1|58
DRP,branch unmapped: 58 (padded=058),09.L1.3060.CAGM36D1|58
DRP,branch unmapped: 58 (padded=058),09.L1.3060.CAGM36D1|58
DRP,branch unmapped: 58 (padded=058),15.L1.6060.6601|58
DRP,branch unmapped: 58 (padded=058),15.L1.6060.6601|58
DRP,branch unmapped: 58 (padded=058),15.L1.6060.6601|58
DRP,branch unmapped: 58 (padded=058),15.L1.6060.6601|58
DRP,branch unmapped: 58 (padded=058),15.L1.6060.6602|58
DRP,branch unmapped: 58 (padded=058),15.L1.6060.6602|58
DRP,branch unmapped: 58 (padded=058),15.L1.6060.6602|58
DRP,branch unmapped: 58 (padded=058),15.L1.6060.6602|58
DRP,branch unmapped: 58 (padded=058),15.L1.6060.6605|58
DRP,branch unmapped: 58 (padded=058),15.L1.6060.6605|58
DRP,branch unmapped: 58 (padded=058),15.L1.6060.6605|58
DRP,branch unmapped: 58 (padded=058),15.L1.6060.6605|58
DRP,branch unmapped: 58 (padded=058),20.L1.6060.16405|58
DRP,branch unmapped: 58 (padded=058),20.L1.6060.16405|58
DRP,branch unmapped: 58 (padded=058),20.L1.6060.16405|58
DRP,branch unmapped: 58 (padded=058),20.L1.6060.16405|58
DRP,branch unmapped: 58 (padded=058),29.L1.3060.FC3606D|58
DRP,branch unmapped: 58 (padded=058),29.L1.3060.FC3606D|58
DRP,branch unmapped: 58 (padded=058),29.L1.3060.FC3606D|58
DRP,branch unmapped: 58 (padded=058),29.L1.3060.FC3606D|58
DRP,branch unmapped: 58 (padded=058),29.L1.3060.FC3610D|58
DRP,branch unmapped: 58 (padded=058),29.L1.3060.FC3610D|58
DRP,branch unmapped: 58 (padded=058),29.L1.3060.FC3610D|58
DRP,branch unmapped: 58 (padded=058),29.L1.3060.FC3610D|58
DRP,branch unmapped: 58 (padded=058),29.L1.3060.FC3618|58
DRP,branch unmapped: 58 (padded=058),29.L1.3060.FC3618|58
DRP,branch unmapped: 58 (padded=058),29.L1.3060.FC3618|58
DRP,branch unmapped: 58 (padded=058),29.L1.3060.FC3618|58
DRP,branch unmapped: 58 (padded=058),29.L1.3060.FC3618D|58
DRP,branch unmapped: 58 (padded=058),29.L1.3060.FC3618D|58
DRP,branch unmapped: 58 (padded=058),29.L1.3060.FC3618D|58
DRP,branch unmapped: 58 (padded=058),29.L1.3060.FC3618D|58
DRP,branch unmapped: 58 (padded=058),29.L1.3060.FC3619|58
DRP,branch unmapped: 58 (padded=058),29.L1.3060.FC3619|58
DRP,branch unmapped: 58 (padded=058),29.L1.3060.FC3619|58
DRP,branch unmapped: 58 (padded=058),29.L1.3060.FC3619|58
DRP,branch unmapped: 58 (padded=058),29.L1.3060.FC3622|58
DRP,branch unmapped: 58 (padded=058),29.L1.3060.FC3622|58
DRP,branch unmapped: 58 (padded=058),29.L1.3060.FC3622|58
DRP,branch unmapped: 58 (padded=058),29.L1.3060.FC3622|58
DRP,branch unmapped: 58 (padded=058),29.L1.3060.FC3622D|58
DRP,branch unmapped: 58 (padded=058),29.L1.3060.FC3622D|58
DRP,branch unmapped: 58 (padded=058),29.L1.3060.FC3622D|58
DRP,branch unmapped: 58 (padded=058),29.L1.3060.FC3622D|58
DRP,branch unmapped: 58 (padded=058),29.L1.3060.FC3622V|58
DRP,branch unmapped: 58 (padded=058),29.L1.3060.FC3622V|58
DRP,branch unmapped: 58 (padded=058),29.L1.3060.FC3622V|58
DRP,branch unmapped: 58 (padded=058),29.L1.3060.FC3622V|58
DRP,branch unmapped: 58 (padded=058),29.L1.3060.FC3626|58
DRP,branch unmapped: 58 (padded=058),29.L1.3060.FC3626|58
DRP,branch unmapped: 58 (padded=058),29.L1.3060.FC3626|58
DRP,branch unmapped: 58 (padded=058),29.L1.3060.FC3626|58
DRP,branch unmapped: 58 (padded=058),29.L1.3060.FC3626V|58
DRP,branch unmapped: 58 (padded=058),29.L1.3060.FC3626V|58
DRP,branch unmapped: 58 (padded=058),29.L1.3060.FC3626V|58
DRP,branch unmapped: 58 (padded=058),29.L1.3060.FC3626V|58
DRP,branch unmapped: 58 (padded=058),29.L1.4080.FC4801D|58
DRP,branch unmapped: 58 (padded=058),29.L1.4080.FC4801D|58
DRP,branch unmapped: 58 (padded=058),29.L1.4080.FC4801D|58
DRP,branch unmapped: 58 (padded=058),29.L1.4080.FC4801D|58
DRP,branch unmapped: 58 (padded=058),29.L1.4080.FC4802D|58
DRP,branch unmapped: 58 (padded=058),29.L1.4080.FC4802D|58
DRP,branch unmapped: 58 (padded=058),29.L1.4080.FC4802D|58
DRP,branch unmapped: 58 (padded=058),29.L1.4080.FC4802D|58
DRP,branch unmapped: 78 (padded=078),10.L1.3060.4547|78
DRP,branch unmapped: 78 (padded=078),10.L1.3060.4547|78
DRP,branch unmapped: 78 (padded=078),10.L1.3060.4547|78
DRP,branch unmapped: 78 (padded=078),10.L1.3060.4547|78
DRP,branch unmapped: 78 (padded=078),10.L1.3060.4548|78
DRP,branch unmapped: 78 (padded=078),10.L1.3060.4548|78
DRP,branch unmapped: 78 (padded=078),10.L1.3060.4548|78
DRP,branch unmapped: 78 (padded=078),10.L1.3060.4548|78
DRP,branch unmapped: 78 (padded=078),10.L1.3060.4549|78
DRP,branch unmapped: 78 (padded=078),10.L1.3060.4549|78
DRP,branch unmapped: 78 (padded=078),10.L1.3060.4549|78
DRP,branch unmapped: 78 (padded=078),10.L1.3060.4549|78
DRP,branch unmapped: 78 (padded=078),10.L1.3060.4556|78
DRP,branch unmapped: 78 (padded=078),10.L1.3060.4556|78
DRP,branch unmapped: 78 (padded=078),10.L1.3060.4556|78
DRP,branch unmapped: 78 (padded=078),10.L1.3060.4556|78
DRP,branch unmapped: 78 (padded=078),10.L1.3060.4561|78
DRP,branch unmapped: 78 (padded=078),10.L1.3060.4561|78
DRP,branch unmapped: 78 (padded=078),10.L1.3060.4561|78
DRP,branch unmapped: 78 (padded=078),10.L1.3060.4561|78
DRP,branch unmapped: 78 (padded=078),10.L1.3060.4563|78
DRP,branch unmapped: 78 (padded=078),10.L1.3060.4563|78
DRP,branch unmapped: 78 (padded=078),10.L1.3060.4563|78
DRP,branch unmapped: 78 (padded=078),10.L1.3060.4563|78
DRP,branch unmapped: 78 (padded=078),10.L1.3060.4571|78
DRP,branch unmapped: 78 (padded=078),10.L1.3060.4571|78
DRP,branch unmapped: 78 (padded=078),10.L1.3060.4571|78
DRP,branch unmapped: 78 (padded=078),10.L1.3060.4571|78
DRP,branch unmapped: 78 (padded=078),10.L1.3060.4572|78
DRP,branch unmapped: 78 (padded=078),10.L1.3060.4572|78
DRP,branch unmapped: 78 (padded=078),10.L1.3060.4572|78
DRP,branch unmapped: 78 (padded=078),10.L1.3060.4572|78
DRP,branch unmapped: 78 (padded=078),10.L1.3060.4573|78
DRP,branch unmapped: 78 (padded=078),10.L1.3060.4573|78
DRP,branch unmapped: 78 (padded=078),10.L1.3060.4573|78
DRP,branch unmapped: 78 (padded=078),10.L1.3060.4573|78
DRP,branch unmapped: 78 (padded=078),10.L1.3060.7821|78
DRP,branch unmapped: 78 (padded=078),10.L1.3060.7821|78
DRP,branch unmapped: 78 (padded=078),10.L1.3060.7821|78
DRP,branch unmapped: 78 (padded=078),10.L1.3060.7821|78
DRP,branch unmapped: 78 (padded=078),10.L1.4080.9969|78
DRP,branch unmapped: 78 (padded=078),10.L1.4080.9969|78
DRP,branch unmapped: 78 (padded=078),10.L1.4080.9969|78
DRP,branch unmapped: 78 (padded=078),10.L1.4080.9969|78
DRP,branch unmapped: 78 (padded=078),10.L1.6060.5189|78
DRP,branch unmapped: 78 (padded=078),10.L1.6060.5189|78
DRP,branch unmapped: 78 (padded=078),10.L1.6060.5189|78
DRP,branch unmapped: 78 (padded=078),10.L1.6060.5189|78
DRP,branch unmapped: 78 (padded=078),10.L1.6060.5191|78
DRP,branch unmapped: 78 (padded=078),10.L1.6060.5191|78
DRP,branch unmapped: 78 (padded=078),10.L1.6060.5191|78
DRP,branch unmapped: 78 (padded=078),10.L1.6060.5191|78
DRP,branch unmapped: 78 (padded=078),10.L1.6060.5192|78
DRP,branch unmapped: 78 (padded=078),10.L1.6060.5192|78
DRP,branch unmapped: 78 (padded=078),10.L1.6060.5192|78
DRP,branch unmapped: 78 (padded=078),10.L1.6060.5192|78
DRP,branch unmapped: 78 (padded=078),10.L1.6060.5618|78
DRP,branch unmapped: 78 (padded=078),10.L1.6060.5618|78
DRP,branch unmapped: 78 (padded=078),10.L1.6060.5618|78
DRP,branch unmapped: 78 (padded=078),10.L1.6060.5618|78
DRP,branch unmapped: 78 (padded=078),10.L1.6060.5687|78
DRP,branch unmapped: 78 (padded=078),10.L1.6060.5687|78
DRP,branch unmapped: 78 (padded=078),10.L1.6060.5687|78
DRP,branch unmapped: 78 (padded=078),10.L1.6060.5687|78
DRP,branch unmapped: 78 (padded=078),10.L1.6060.6159|78
DRP,branch unmapped: 78 (padded=078),10.L1.6060.6159|78
DRP,branch unmapped: 78 (padded=078),10.L1.6060.6159|78
DRP,branch unmapped: 78 (padded=078),10.L1.6060.6159|78
DRP,branch unmapped: 78 (padded=078),10.L1.6060.6161|78
DRP,branch unmapped: 78 (padded=078),10.L1.6060.6161|78
DRP,branch unmapped: 78 (padded=078),10.L1.6060.6161|78
DRP,branch unmapped: 78 (padded=078),10.L1.6060.6161|78
DRP,branch unmapped: 78 (padded=078),10.L1.6060.6163|78
DRP,branch unmapped: 78 (padded=078),10.L1.6060.6163|78
DRP,branch unmapped: 78 (padded=078),10.L1.6060.6163|78
DRP,branch unmapped: 78 (padded=078),10.L1.6060.6163|78
DRP,branch unmapped: 78 (padded=078),10.L1.8080.5896|78
DRP,branch unmapped: 78 (padded=078),10.L1.8080.5896|78
DRP,branch unmapped: 78 (padded=078),10.L1.8080.5896|78
DRP,branch unmapped: 78 (padded=078),10.L1.8080.5896|78
DRP,branch unmapped: 78 (padded=078),12.L1.2550.2504|78
DRP,branch unmapped: 78 (padded=078),12.L1.2550.2504|78
DRP,branch unmapped: 78 (padded=078),12.L1.2550.2504|78
DRP,branch unmapped: 78 (padded=078),12.L1.2550.2504|78
DRP,branch unmapped: 78 (padded=078),12.L1.2550.2505|78
DRP,branch unmapped: 78 (padded=078),12.L1.2550.2505|78
DRP,branch unmapped: 78 (padded=078),12.L1.2550.2505|78
DRP,branch unmapped: 78 (padded=078),12.L1.2550.2505|78
DRP,branch unmapped: 78 (padded=078),15.L1.6060.6601|78
DRP,branch unmapped: 78 (padded=078),15.L1.6060.6601|78
DRP,branch unmapped: 78 (padded=078),15.L1.6060.6601|78
DRP,branch unmapped: 78 (padded=078),15.L1.6060.6601|78
DRP,branch unmapped: 78 (padded=078),15.L1.6060.6605|78
DRP,branch unmapped: 78 (padded=078),15.L1.6060.6605|78
DRP,branch unmapped: 78 (padded=078),15.L1.6060.6605|78
DRP,branch unmapped: 78 (padded=078),15.L1.6060.6605|78
DRP,branch unmapped: 78 (padded=078),15.L1.6060.6606|78
DRP,branch unmapped: 78 (padded=078),15.L1.6060.6606|78
DRP,branch unmapped: 78 (padded=078),15.L1.6060.6606|78
DRP,branch unmapped: 78 (padded=078),15.L1.6060.6606|78
DRP,branch unmapped: 78 (padded=078),29.L1.1580.FP15801|78
DRP,branch unmapped: 78 (padded=078),29.L1.1580.FP15801|78
DRP,branch unmapped: 78 (padded=078),29.L1.1580.FP15801|78
DRP,branch unmapped: 78 (padded=078),29.L1.1580.FP15801|78
DRP,branch unmapped: 78 (padded=078),29.L1.3030.FK301|78
DRP,branch unmapped: 78 (padded=078),29.L1.3030.FK301|78
DRP,branch unmapped: 78 (padded=078),29.L1.3030.FK301|78
DRP,branch unmapped: 78 (padded=078),29.L1.3030.FK301|78
DRP,branch unmapped: 78 (padded=078),29.L1.3030.FK303|78
DRP,branch unmapped: 78 (padded=078),29.L1.3030.FK303|78
DRP,branch unmapped: 78 (padded=078),29.L1.3030.FK303|78
DRP,branch unmapped: 78 (padded=078),29.L1.3030.FK303|78
DRP,branch unmapped: 78 (padded=078),29.L1.3060.FP3616|78
DRP,branch unmapped: 78 (padded=078),29.L1.3060.FP3616|78
DRP,branch unmapped: 78 (padded=078),29.L1.3060.FP3616|78
DRP,branch unmapped: 78 (padded=078),29.L1.3060.FP3616|78
DRP,branch unmapped: 78 (padded=078),29.L1.6060.FP6602|78
DRP,branch unmapped: 78 (padded=078),29.L1.6060.FP6602|78
DRP,branch unmapped: 78 (padded=078),29.L1.6060.FP6602|78
DRP,branch unmapped: 78 (padded=078),29.L1.6060.FP6602|78
DRP,branch unmapped: 78 (padded=078),29.L1.6060.FPU6001|78
DRP,branch unmapped: 78 (padded=078),29.L1.6060.FPU6001|78
DRP,branch unmapped: 78 (padded=078),29.L1.6060.FPU6001|78
DRP,branch unmapped: 78 (padded=078),29.L1.6060.FPU6001|78
DRP,branch unmapped: 78 (padded=078),29.L1.6060.FPU6009|78
DRP,branch unmapped: 78 (padded=078),29.L1.6060.FPU6009|78
DRP,branch unmapped: 78 (padded=078),29.L1.6060.FPU6009|78
DRP,branch unmapped: 78 (padded=078),29.L1.6060.FPU6009|78
DRP,branch unmapped: 78 (padded=078),29.L1.6060.FPU6011|78
DRP,branch unmapped: 78 (padded=078),29.L1.6060.FPU6011|78
DRP,branch unmapped: 78 (padded=078),29.L1.6060.FPU6011|78
DRP,branch unmapped: 78 (padded=078),29.L1.6060.FPU6011|78
DRP,branch unmapped: 85 (padded=085),05.L1.6060.686003|85
DRP,branch unmapped: 85 (padded=085),05.L1.6060.686003|85
DRP,branch unmapped: 85 (padded=085),05.L1.6060.686003|85
DRP,branch unmapped: 85 (padded=085),05.L1.6060.686003|85
DRP,branch unmapped: 85 (padded=085),05.L1.6060.686004|85
DRP,branch unmapped: 85 (padded=085),05.L1.6060.686004|85
DRP,branch unmapped: 85 (padded=085),05.L1.6060.686004|85
DRP,branch unmapped: 85 (padded=085),05.L1.6060.686004|85
DRP,branch unmapped: 85 (padded=085),05.L1.6060.686005|85
DRP,branch unmapped: 85 (padded=085),05.L1.6060.686005|85
DRP,branch unmapped: 85 (padded=085),05.L1.6060.686005|85
DRP,branch unmapped: 85 (padded=085),05.L1.6060.686005|85
DRP,branch unmapped: 85 (padded=085),05.L1.6060.686007|85
DRP,branch unmapped: 85 (padded=085),05.L1.6060.686007|85
DRP,branch unmapped: 85 (padded=085),05.L1.6060.686007|85
DRP,branch unmapped: 85 (padded=085),05.L1.6060.686007|85
DRP,branch unmapped: 85 (padded=085),05.L1.8080.688003|85
DRP,branch unmapped: 85 (padded=085),05.L1.8080.688003|85
DRP,branch unmapped: 85 (padded=085),05.L1.8080.688003|85
DRP,branch unmapped: 85 (padded=085),05.L1.8080.688003|85
DRP,branch unmapped: 85 (padded=085),05.L1.8080.688004|85
DRP,branch unmapped: 85 (padded=085),05.L1.8080.688004|85
DRP,branch unmapped: 85 (padded=085),05.L1.8080.688004|85
DRP,branch unmapped: 85 (padded=085),05.L1.8080.688004|85
DRP,branch unmapped: 85 (padded=085),05.L1.8080.688005|85
DRP,branch unmapped: 85 (padded=085),05.L1.8080.688005|85
DRP,branch unmapped: 85 (padded=085),05.L1.8080.688005|85
DRP,branch unmapped: 85 (padded=085),05.L1.8080.688005|85
DRP,branch unmapped: 85 (padded=085),05.L1.8080.688007|85
DRP,branch unmapped: 85 (padded=085),05.L1.8080.688007|85
DRP,branch unmapped: 85 (padded=085),05.L1.8080.688007|85
DRP,branch unmapped: 85 (padded=085),05.L1.8080.688007|85
DRP,branch unmapped: 85 (padded=085),10.L1.6060.75604|85
DRP,branch unmapped: 85 (padded=085),10.L1.6060.75604|85
DRP,branch unmapped: 85 (padded=085),10.L1.6060.75604|85
DRP,branch unmapped: 85 (padded=085),10.L1.6060.75604|85
DRP,branch unmapped: 85 (padded=085),10.L1.6060.75606|85
DRP,branch unmapped: 85 (padded=085),10.L1.6060.75606|85
DRP,branch unmapped: 85 (padded=085),10.L1.6060.75606|85
DRP,branch unmapped: 85 (padded=085),10.L1.6060.75606|85
DRP,branch unmapped: 85 (padded=085),10.L1.8080.75005|85
DRP,branch unmapped: 85 (padded=085),10.L1.8080.75005|85
DRP,branch unmapped: 85 (padded=085),10.L1.8080.75005|85
DRP,branch unmapped: 85 (padded=085),10.L1.8080.75005|85
DRP,branch unmapped: 85 (padded=085),10.L1.8080.75006|85
DRP,branch unmapped: 85 (padded=085),10.L1.8080.75006|85
DRP,branch unmapped: 85 (padded=085),10.L1.8080.75006|85
DRP,branch unmapped: 85 (padded=085),10.L1.8080.75006|85
DRP,branch unmapped: 85 (padded=085),20.L1.6060.36906|85
DRP,branch unmapped: 85 (padded=085),20.L1.6060.36906|85
DRP,branch unmapped: 85 (padded=085),20.L1.6060.36906|85
DRP,branch unmapped: 85 (padded=085),20.L1.6060.36906|85
DRP,branch unmapped: 85 (padded=085),20.L1.8080.38902|85
DRP,branch unmapped: 85 (padded=085),20.L1.8080.38902|85
DRP,branch unmapped: 85 (padded=085),20.L1.8080.38902|85
DRP,branch unmapped: 85 (padded=085),20.L1.8080.38902|85
DRP,branch unmapped: 85 (padded=085),20.L1.8080.38906|85
DRP,branch unmapped: 85 (padded=085),20.L1.8080.38906|85
DRP,branch unmapped: 85 (padded=085),20.L1.8080.38906|85
DRP,branch unmapped: 85 (padded=085),20.L1.8080.38906|85
DRP,branch unmapped: 85 (padded=085),38.L1.3060.KAI3601|85
DRP,branch unmapped: 85 (padded=085),38.L1.3060.KAI3601|85
DRP,branch unmapped: 85 (padded=085),38.L1.3060.KAI3601|85
DRP,branch unmapped: 85 (padded=085),38.L1.3060.KAI3601|85
DRP,branch unmapped: 85 (padded=085),38.L1.3060.KAI3601AD|85
DRP,branch unmapped: 85 (padded=085),38.L1.3060.KAI3601AD|85
DRP,branch unmapped: 85 (padded=085),38.L1.3060.KAI3601AD|85
DRP,branch unmapped: 85 (padded=085),38.L1.3060.KAI3601AD|85
DRP,branch unmapped: 85 (padded=085),38.L1.3060.KAI3601AV|85
DRP,branch unmapped: 85 (padded=085),38.L1.3060.KAI3601AV|85
DRP,branch unmapped: 85 (padded=085),38.L1.3060.KAI3601AV|85
DRP,branch unmapped: 85 (padded=085),38.L1.3060.KAI3601AV|85
DRP,branch unmapped: 85 (padded=085),38.L1.3060.KAI3601BD|85
DRP,branch unmapped: 85 (padded=085),38.L1.3060.KAI3601BD|85
DRP,branch unmapped: 85 (padded=085),38.L1.3060.KAI3601BD|85
DRP,branch unmapped: 85 (padded=085),38.L1.3060.KAI3601BD|85
DRP,branch unmapped: 85 (padded=085),38.L1.3060.KAI3601BV|85
DRP,branch unmapped: 85 (padded=085),38.L1.3060.KAI3601BV|85
DRP,branch unmapped: 85 (padded=085),38.L1.3060.KAI3601BV|85
DRP,branch unmapped: 85 (padded=085),38.L1.3060.KAI3601BV|85
DRP,branch unmapped: 85 (padded=085),38.L1.3060.KAI3603|85
DRP,branch unmapped: 85 (padded=085),38.L1.3060.KAI3603|85
DRP,branch unmapped: 85 (padded=085),38.L1.3060.KAI3603|85
DRP,branch unmapped: 85 (padded=085),38.L1.3060.KAI3603|85
DRP,branch unmapped: 85 (padded=085),38.L1.3060.KAI3603D|85
DRP,branch unmapped: 85 (padded=085),38.L1.3060.KAI3603D|85
DRP,branch unmapped: 85 (padded=085),38.L1.3060.KAI3603D|85
DRP,branch unmapped: 85 (padded=085),38.L1.3060.KAI3603D|85
DRP,branch unmapped: 85 (padded=085),38.L1.3060.KAI3604|85
DRP,branch unmapped: 85 (padded=085),38.L1.3060.KAI3604|85
DRP,branch unmapped: 85 (padded=085),38.L1.3060.KAI3604|85
DRP,branch unmapped: 85 (padded=085),38.L1.3060.KAI3604|85
DRP,branch unmapped: 85 (padded=085),38.L1.3060.KAI3605|85
DRP,branch unmapped: 85 (padded=085),38.L1.3060.KAI3605|85
DRP,branch unmapped: 85 (padded=085),38.L1.3060.KAI3605|85
DRP,branch unmapped: 85 (padded=085),38.L1.3060.KAI3605|85
DRP,branch unmapped: 85 (padded=085),38.L1.3060.KAI3605D|85
DRP,branch unmapped: 85 (padded=085),38.L1.3060.KAI3605D|85
DRP,branch unmapped: 85 (padded=085),38.L1.3060.KAI3605D|85
DRP,branch unmapped: 85 (padded=085),38.L1.3060.KAI3605D|85
DRP,branch unmapped: 85 (padded=085),38.L1.3060.KAI3606|85
DRP,branch unmapped: 85 (padded=085),38.L1.3060.KAI3606|85
DRP,branch unmapped: 85 (padded=085),38.L1.3060.KAI3606|85
DRP,branch unmapped: 85 (padded=085),38.L1.3060.KAI3606|85
DRP,branch unmapped: 85 (padded=085),38.L1.5050.SVKAI501|85
DRP,branch unmapped: 85 (padded=085),38.L1.5050.SVKAI501|85
DRP,branch unmapped: 85 (padded=085),38.L1.5050.SVKAI501|85
DRP,branch unmapped: 85 (padded=085),38.L1.5050.SVKAI501|85
DRP,branch unmapped: 85 (padded=085),38.L1.5050.SVKAI502|85
DRP,branch unmapped: 85 (padded=085),38.L1.5050.SVKAI502|85
DRP,branch unmapped: 85 (padded=085),38.L1.5050.SVKAI502|85
DRP,branch unmapped: 85 (padded=085),38.L1.5050.SVKAI502|85
DRP,branch unmapped: 85 (padded=085),38.L1.5050.SVKAI503|85
DRP,branch unmapped: 85 (padded=085),38.L1.5050.SVKAI503|85
DRP,branch unmapped: 85 (padded=085),38.L1.5050.SVKAI503|85
DRP,branch unmapped: 85 (padded=085),38.L1.5050.SVKAI503|85
DRP,branch unmapped: 85 (padded=085),38.L1.5050.SVKAI504|85
DRP,branch unmapped: 85 (padded=085),38.L1.5050.SVKAI504|85
DRP,branch unmapped: 85 (padded=085),38.L1.5050.SVKAI504|85
DRP,branch unmapped: 85 (padded=085),38.L1.5050.SVKAI504|85
DRP,branch unmapped: 85 (padded=085),38.L1.5050.SVKAI505|85
DRP,branch unmapped: 85 (padded=085),38.L1.5050.SVKAI505|85
DRP,branch unmapped: 85 (padded=085),38.L1.5050.SVKAI505|85
DRP,branch unmapped: 85 (padded=085),38.L1.5050.SVKAI505|85
DRP,branch unmapped: 85 (padded=085),38.L1.5050.SVKAI506|85
DRP,branch unmapped: 85 (padded=085),38.L1.5050.SVKAI506|85
DRP,branch unmapped: 85 (padded=085),38.L1.5050.SVKAI506|85
DRP,branch unmapped: 85 (padded=085),38.L1.5050.SVKAI506|85
DRP,branch unmapped: 85 (padded=085),38.L1.5050.SVKAI507|85
DRP,branch unmapped: 85 (padded=085),38.L1.5050.SVKAI507|85
DRP,branch unmapped: 85 (padded=085),38.L1.5050.SVKAI507|85
DRP,branch unmapped: 85 (padded=085),38.L1.5050.SVKAI507|85
DRP,branch unmapped: 85 (padded=085),41.L1.4080.S4101|85
DRP,branch unmapped: 85 (padded=085),41.L1.4080.S4101|85
DRP,branch unmapped: 85 (padded=085),41.L1.4080.S4101|85
DRP,branch unmapped: 85 (padded=085),41.L1.4080.S4101|85
DRP,branch unmapped: 85 (padded=085),41.L1.4080.S4103|85
DRP,branch unmapped: 85 (padded=085),41.L1.4080.S4103|85
DRP,branch unmapped: 85 (padded=085),41.L1.4080.S4103|85
DRP,branch unmapped: 85 (padded=085),41.L1.4080.S4103|85
DRP,branch unmapped: 85 (padded=085),41.L1.4080.S4104|85
DRP,branch unmapped: 85 (padded=085),41.L1.4080.S4104|85
DRP,branch unmapped: 85 (padded=085),41.L1.4080.S4104|85
DRP,branch unmapped: 85 (padded=085),41.L1.4080.S4104|85
DRP,branch unmapped: 85 (padded=085),41.L1.4080.S4105|85
DRP,branch unmapped: 85 (padded=085),41.L1.4080.S4105|85
DRP,branch unmapped: 85 (padded=085),41.L1.4080.S4105|85
DRP,branch unmapped: 85 (padded=085),41.L1.4080.S4105|85
DRP,branch unmapped: 85 (padded=085),41.L1.4080.S4106|85
DRP,branch unmapped: 85 (padded=085),41.L1.4080.S4106|85
DRP,branch unmapped: 85 (padded=085),41.L1.4080.S4106|85
DRP,branch unmapped: 85 (padded=085),41.L1.4080.S4106|85
DRP,branch unmapped: 85 (padded=085),41.L1.4080.S4107|85
DRP,branch unmapped: 85 (padded=085),41.L1.4080.S4107|85
DRP,branch unmapped: 85 (padded=085),41.L1.4080.S4107|85
DRP,branch unmapped: 85 (padded=085),41.L1.4080.S4107|85
DRP,branch unmapped: 85 (padded=085),41.L1.4080.S4201|85
DRP,branch unmapped: 85 (padded=085),41.L1.4080.S4201|85
DRP,branch unmapped: 85 (padded=085),41.L1.4080.S4201|85
DRP,branch unmapped: 85 (padded=085),41.L1.4080.S4201|85
DRP,branch unmapped: 85 (padded=085),41.L1.4080.S4204|85
DRP,branch unmapped: 85 (padded=085),41.L1.4080.S4204|85
DRP,branch unmapped: 85 (padded=085),41.L1.4080.S4204|85
DRP,branch unmapped: 85 (padded=085),41.L1.4080.S4204|85
DRP,branch unmapped: 85 (padded=085),41.L1.4080.S4206|85
DRP,branch unmapped: 85 (padded=085),41.L1.4080.S4206|85
DRP,branch unmapped: 85 (padded=085),41.L1.4080.S4206|85
DRP,branch unmapped: 85 (padded=085),41.L1.4080.S4206|85
DRP,branch unmapped: 85 (padded=085),41.L1.5050.M5190|85
DRP,branch unmapped: 85 (padded=085),41.L1.5050.M5190|85
DRP,branch unmapped: 85 (padded=085),41.L1.5050.M5190|85
DRP,branch unmapped: 85 (padded=085),41.L1.5050.M5190|85
DRP,branch unmapped: 85 (padded=085),41.L1.5050.M5191|85
DRP,branch unmapped: 85 (padded=085),41.L1.5050.M5191|85
DRP,branch unmapped: 85 (padded=085),41.L1.5050.M5191|85
DRP,branch unmapped: 85 (padded=085),41.L1.5050.M5191|85
DRP,branch unmapped: 85 (padded=085),41.L1.5050.M5192|85
DRP,branch unmapped: 85 (padded=085),41.L1.5050.M5192|85
DRP,branch unmapped: 85 (padded=085),41.L1.5050.M5192|85
DRP,branch unmapped: 85 (padded=085),41.L1.5050.M5192|85
DRP,branch unmapped: 85 (padded=085),41.L1.5050.M5193|85
DRP,branch unmapped: 85 (padded=085),41.L1.5050.M5193|85
DRP,branch unmapped: 85 (padded=085),41.L1.5050.M5193|85
DRP,branch unmapped: 85 (padded=085),41.L1.5050.M5193|85
DRP,branch unmapped: 85 (padded=085),41.L1.6060.S6152|85
DRP,branch unmapped: 85 (padded=085),41.L1.6060.S6152|85
DRP,branch unmapped: 85 (padded=085),41.L1.6060.S6152|85
DRP,branch unmapped: 85 (padded=085),41.L1.6060.S6152|85
DRP,branch unmapped: 95 (padded=095),10.L1.3060.4554|95
DRP,branch unmapped: 95 (padded=095),10.L1.3060.4554|95
DRP,branch unmapped: 95 (padded=095),10.L1.3060.4554|95
DRP,branch unmapped: 95 (padded=095),10.L1.3060.4554|95
DRP,branch unmapped: 95 (padded=095),10.L1.3060.4555|95
DRP,branch unmapped: 95 (padded=095),10.L1.3060.4555|95
DRP,branch unmapped: 95 (padded=095),10.L1.3060.4555|95
DRP,branch unmapped: 95 (padded=095),10.L1.3060.4555|95
DRP,branch unmapped: 95 (padded=095),10.L1.3060.4556|95
DRP,branch unmapped: 95 (padded=095),10.L1.3060.4556|95
DRP,branch unmapped: 95 (padded=095),10.L1.3060.4556|95
DRP,branch unmapped: 95 (padded=095),10.L1.3060.4556|95
DRP,branch unmapped: 95 (padded=095),10.L1.3060.4561|95
DRP,branch unmapped: 95 (padded=095),10.L1.3060.4561|95
DRP,branch unmapped: 95 (padded=095),10.L1.3060.4561|95
DRP,branch unmapped: 95 (padded=095),10.L1.3060.4561|95
DRP,branch unmapped: 95 (padded=095),10.L1.3060.4563|95
DRP,branch unmapped: 95 (padded=095),10.L1.3060.4563|95
DRP,branch unmapped: 95 (padded=095),10.L1.3060.4563|95
DRP,branch unmapped: 95 (padded=095),10.L1.3060.4563|95
DRP,branch unmapped: 95 (padded=095),10.L1.3060.4571|95
DRP,branch unmapped: 95 (padded=095),10.L1.3060.4571|95
DRP,branch unmapped: 95 (padded=095),10.L1.3060.4571|95
DRP,branch unmapped: 95 (padded=095),10.L1.3060.4571|95
DRP,branch unmapped: 95 (padded=095),10.L1.3060.7821|95
DRP,branch unmapped: 95 (padded=095),10.L1.3060.7821|95
DRP,branch unmapped: 95 (padded=095),10.L1.3060.7821|95
DRP,branch unmapped: 95 (padded=095),10.L1.3060.7821|95
DRP,branch unmapped: 95 (padded=095),10.L1.3060.7823|95
DRP,branch unmapped: 95 (padded=095),10.L1.3060.7823|95
DRP,branch unmapped: 95 (padded=095),10.L1.3060.7823|95
DRP,branch unmapped: 95 (padded=095),10.L1.3060.7823|95
DRP,branch unmapped: 95 (padded=095),10.L1.6060.5687|95
DRP,branch unmapped: 95 (padded=095),10.L1.6060.5687|95
DRP,branch unmapped: 95 (padded=095),10.L1.6060.5687|95
DRP,branch unmapped: 95 (padded=095),10.L1.6060.5687|95
DRP,branch unmapped: 95 (padded=095),10.L1.6060.5688|95
DRP,branch unmapped: 95 (padded=095),10.L1.6060.5688|95
DRP,branch unmapped: 95 (padded=095),10.L1.6060.5688|95
DRP,branch unmapped: 95 (padded=095),10.L1.6060.5688|95
DRP,branch unmapped: 95 (padded=095),10.L1.6060.6157|95
DRP,branch unmapped: 95 (padded=095),10.L1.6060.6157|95
DRP,branch unmapped: 95 (padded=095),10.L1.6060.6157|95
DRP,branch unmapped: 95 (padded=095),10.L1.6060.6157|95
DRP,branch unmapped: 95 (padded=095),10.L1.6060.6159|95
DRP,branch unmapped: 95 (padded=095),10.L1.6060.6159|95
DRP,branch unmapped: 95 (padded=095),10.L1.6060.6159|95
DRP,branch unmapped: 95 (padded=095),10.L1.6060.6159|95
DRP,branch unmapped: 95 (padded=095),10.L1.6060.6161|95
DRP,branch unmapped: 95 (padded=095),10.L1.6060.6161|95
DRP,branch unmapped: 95 (padded=095),10.L1.6060.6161|95
DRP,branch unmapped: 95 (padded=095),10.L1.6060.6161|95
DRP,branch unmapped: 95 (padded=095),10.L1.6060.6163|95
DRP,branch unmapped: 95 (padded=095),10.L1.6060.6163|95
DRP,branch unmapped: 95 (padded=095),10.L1.6060.6163|95
DRP,branch unmapped: 95 (padded=095),10.L1.6060.6163|95
DRP,branch unmapped: 95 (padded=095),10.L1.8080.5891|95
DRP,branch unmapped: 95 (padded=095),10.L1.8080.5891|95
DRP,branch unmapped: 95 (padded=095),10.L1.8080.5891|95
DRP,branch unmapped: 95 (padded=095),10.L1.8080.5891|95
DRP,branch unmapped: 95 (padded=095),10.L1.8080.5896|95
DRP,branch unmapped: 95 (padded=095),10.L1.8080.5896|95
DRP,branch unmapped: 95 (padded=095),10.L1.8080.5896|95
DRP,branch unmapped: 95 (padded=095),10.L1.8080.5896|95
DRP,branch unmapped: 95 (padded=095),15.L1.3060.2911|95
DRP,branch unmapped: 95 (padded=095),15.L1.3060.2911|95
DRP,branch unmapped: 95 (padded=095),15.L1.3060.2911|95
DRP,branch unmapped: 95 (padded=095),15.L1.3060.2911|95
DRP,branch unmapped: 95 (padded=095),15.L1.6060.6601|95
DRP,branch unmapped: 95 (padded=095),15.L1.6060.6601|95
DRP,branch unmapped: 95 (padded=095),15.L1.6060.6601|95
DRP,branch unmapped: 95 (padded=095),15.L1.6060.6601|95
DRP,branch unmapped: 95 (padded=095),15.L1.6060.6602|95
DRP,branch unmapped: 95 (padded=095),15.L1.6060.6602|95
DRP,branch unmapped: 95 (padded=095),15.L1.6060.6602|95
DRP,branch unmapped: 95 (padded=095),15.L1.6060.6602|95
DRP,branch unmapped: 95 (padded=095),15.L1.6060.6604|95
DRP,branch unmapped: 95 (padded=095),15.L1.6060.6604|95
DRP,branch unmapped: 95 (padded=095),15.L1.6060.6604|95
DRP,branch unmapped: 95 (padded=095),15.L1.6060.6604|95
DRP,branch unmapped: 95 (padded=095),15.L1.6060.6605|95
DRP,branch unmapped: 95 (padded=095),15.L1.6060.6605|95
DRP,branch unmapped: 95 (padded=095),15.L1.6060.6605|95
DRP,branch unmapped: 95 (padded=095),15.L1.6060.6605|95
DRP,branch unmapped: 95 (padded=095),15.L1.6060.6606|95
DRP,branch unmapped: 95 (padded=095),15.L1.6060.6606|95
DRP,branch unmapped: 95 (padded=095),15.L1.6060.6606|95
DRP,branch unmapped: 95 (padded=095),15.L1.6060.6606|95
DRP,branch unmapped: 95 (padded=095),29.L1.1580.FP15802|95
DRP,branch unmapped: 95 (padded=095),29.L1.1580.FP15802|95
DRP,branch unmapped: 95 (padded=095),29.L1.1580.FP15802|95
DRP,branch unmapped: 95 (padded=095),29.L1.1580.FP15802|95
DRP,branch unmapped: 95 (padded=095),29.L1.1580.FP15803|95
DRP,branch unmapped: 95 (padded=095),29.L1.1580.FP15803|95
DRP,branch unmapped: 95 (padded=095),29.L1.1580.FP15803|95
DRP,branch unmapped: 95 (padded=095),29.L1.1580.FP15803|95
DRP,branch unmapped: 95 (padded=095),29.L1.3030.FK305|95
DRP,branch unmapped: 95 (padded=095),29.L1.3030.FK305|95
DRP,branch unmapped: 95 (padded=095),29.L1.3030.FK305|95
DRP,branch unmapped: 95 (padded=095),29.L1.3030.FK305|95
DRP,branch unmapped: 95 (padded=095),29.L1.3060.FP3602|95
DRP,branch unmapped: 95 (padded=095),29.L1.3060.FP3602|95
DRP,branch unmapped: 95 (padded=095),29.L1.3060.FP3602|95
DRP,branch unmapped: 95 (padded=095),29.L1.3060.FP3602|95
DRP,branch unmapped: 95 (padded=095),29.L1.3060.FP3602D|95
DRP,branch unmapped: 95 (padded=095),29.L1.3060.FP3602D|95
DRP,branch unmapped: 95 (padded=095),29.L1.3060.FP3602D|95
DRP,branch unmapped: 95 (padded=095),29.L1.3060.FP3602D|95
DRP,branch unmapped: 95 (padded=095),29.L1.3060.FP3603|95
DRP,branch unmapped: 95 (padded=095),29.L1.3060.FP3603|95
DRP,branch unmapped: 95 (padded=095),29.L1.3060.FP3603|95
DRP,branch unmapped: 95 (padded=095),29.L1.3060.FP3603|95
DRP,branch unmapped: 95 (padded=095),29.L1.3060.FP3616|95
DRP,branch unmapped: 95 (padded=095),29.L1.3060.FP3616|95
DRP,branch unmapped: 95 (padded=095),29.L1.3060.FP3616|95
DRP,branch unmapped: 95 (padded=095),29.L1.3060.FP3616|95
DRP,branch unmapped: 95 (padded=095),29.L1.3060.FP3616D|95
DRP,branch unmapped: 95 (padded=095),29.L1.3060.FP3616D|95
DRP,branch unmapped: 95 (padded=095),29.L1.3060.FP3616D|95
DRP,branch unmapped: 95 (padded=095),29.L1.3060.FP3616D|95
DRP,branch unmapped: 95 (padded=095),29.L1.3060.FP3617|95
DRP,branch unmapped: 95 (padded=095),29.L1.3060.FP3617|95
DRP,branch unmapped: 95 (padded=095),29.L1.3060.FP3617|95
DRP,branch unmapped: 95 (padded=095),29.L1.3060.FP3617|95
DRP,branch unmapped: 95 (padded=095),29.L1.6060.FPH6001|95
DRP,branch unmapped: 95 (padded=095),29.L1.6060.FPH6001|95
DRP,branch unmapped: 95 (padded=095),29.L1.6060.FPH6001|95
DRP,branch unmapped: 95 (padded=095),29.L1.6060.FPH6001|95
DRP,branch unmapped: 95 (padded=095),29.L1.6060.FPU6001|95
DRP,branch unmapped: 95 (padded=095),29.L1.6060.FPU6001|95
DRP,branch unmapped: 95 (padded=095),29.L1.6060.FPU6001|95
DRP,branch unmapped: 95 (padded=095),29.L1.6060.FPU6001|95
DRP,branch unmapped: 95 (padded=095),29.L1.6060.FPU6011|95
DRP,branch unmapped: 95 (padded=095),29.L1.6060.FPU6011|95
DRP,branch unmapped: 95 (padded=095),29.L1.6060.FPU6011|95
DRP,branch unmapped: 95 (padded=095),29.L1.6060.FPU6011|95
DRP,branch unmapped: 95 (padded=095),29.L1.6060.FPU6012|95
DRP,branch unmapped: 95 (padded=095),29.L1.6060.FPU6012|95
DRP,branch unmapped: 95 (padded=095),29.L1.6060.FPU6012|95
DRP,branch unmapped: 95 (padded=095),29.L1.6060.FPU6012|95
DRP,branch unmapped: 96 (padded=096),20.L1.6060.26101|96
DRP,branch unmapped: 96 (padded=096),20.L1.6060.26101|96
DRP,branch unmapped: 96 (padded=096),20.L1.6060.26101|96
DRP,branch unmapped: 96 (padded=096),20.L1.6060.26101|96
DRP,branch unmapped: 96 (padded=096),20.L1.6060.26172|96
DRP,branch unmapped: 96 (padded=096),20.L1.6060.26172|96
DRP,branch unmapped: 96 (padded=096),20.L1.6060.26172|96
DRP,branch unmapped: 96 (padded=096),20.L1.6060.26172|96
DRP,branch unmapped: 96 (padded=096),20.L1.8080.28107|96
DRP,branch unmapped: 96 (padded=096),20.L1.8080.28107|96
DRP,branch unmapped: 96 (padded=096),20.L1.8080.28107|96
DRP,branch unmapped: 96 (padded=096),20.L1.8080.28107|96
DRP,branch unmapped: 96 (padded=096),29.L1.3030.F305|96
DRP,branch unmapped: 96 (padded=096),29.L1.3030.F305|96
DRP,branch unmapped: 96 (padded=096),29.L1.3030.F305|96
DRP,branch unmapped: 96 (padded=096),29.L1.3030.F305|96
DRP,branch unmapped: 96 (padded=096),29.L1.3030.F315|96
DRP,branch unmapped: 96 (padded=096),29.L1.3030.F315|96
DRP,branch unmapped: 96 (padded=096),29.L1.3030.F315|96
DRP,branch unmapped: 96 (padded=096),29.L1.3030.F315|96
DRP,branch unmapped: 96 (padded=096),29.L1.3030.FK304|96
DRP,branch unmapped: 96 (padded=096),29.L1.3030.FK304|96
DRP,branch unmapped: 96 (padded=096),29.L1.3030.FK304|96
DRP,branch unmapped: 96 (padded=096),29.L1.3030.FK304|96
DRP,branch unmapped: 96 (padded=096),29.L1.3060.FC3610|96
DRP,branch unmapped: 96 (padded=096),29.L1.3060.FC3610|96
DRP,branch unmapped: 96 (padded=096),29.L1.3060.FC3610|96
DRP,branch unmapped: 96 (padded=096),29.L1.3060.FC3610|96
DRP,branch unmapped: 96 (padded=096),29.L1.3060.FC3610D|96
DRP,branch unmapped: 96 (padded=096),29.L1.3060.FC3610D|96
DRP,branch unmapped: 96 (padded=096),29.L1.3060.FC3610D|96
DRP,branch unmapped: 96 (padded=096),29.L1.3060.FC3610D|96
DRP,branch unmapped: 96 (padded=096),29.L1.3060.FC3618D|96
DRP,branch unmapped: 96 (padded=096),29.L1.3060.FC3618D|96
DRP,branch unmapped: 96 (padded=096),29.L1.3060.FC3618D|96
DRP,branch unmapped: 96 (padded=096),29.L1.3060.FC3618D|96
